-- MySQL dump 10.13  Distrib 8.0.46, for Win64 (x86_64)
--
-- Host: localhost    Database: ajin_oee
-- ------------------------------------------------------
-- Server version	8.0.46

/*!40101 SET @OLD_CHARACTER_SET_CLIENT=@@CHARACTER_SET_CLIENT */;
/*!40101 SET @OLD_CHARACTER_SET_RESULTS=@@CHARACTER_SET_RESULTS */;
/*!40101 SET @OLD_COLLATION_CONNECTION=@@COLLATION_CONNECTION */;
/*!50503 SET NAMES utf8mb4 */;
/*!40103 SET @OLD_TIME_ZONE=@@TIME_ZONE */;
/*!40103 SET TIME_ZONE='+00:00' */;
/*!40014 SET @OLD_UNIQUE_CHECKS=@@UNIQUE_CHECKS, UNIQUE_CHECKS=0 */;
/*!40014 SET @OLD_FOREIGN_KEY_CHECKS=@@FOREIGN_KEY_CHECKS, FOREIGN_KEY_CHECKS=0 */;
/*!40101 SET @OLD_SQL_MODE=@@SQL_MODE, SQL_MODE='NO_AUTO_VALUE_ON_ZERO' */;
/*!40111 SET @OLD_SQL_NOTES=@@SQL_NOTES, SQL_NOTES=0 */;

--
-- Table structure for table `equipment`
--

DROP TABLE IF EXISTS `equipment`;
/*!40101 SET @saved_cs_client     = @@character_set_client */;
/*!50503 SET character_set_client = utf8mb4 */;
CREATE TABLE `equipment` (
  `equipment_id` int NOT NULL AUTO_INCREMENT,
  `equipment_name` varchar(50) NOT NULL,
  `line_name` varchar(50) NOT NULL,
  `install_date` date DEFAULT NULL,
  `status` varchar(10) DEFAULT '가동중',
  PRIMARY KEY (`equipment_id`)
) ENGINE=InnoDB AUTO_INCREMENT=3 DEFAULT CHARSET=utf8mb4 COLLATE=utf8mb4_0900_ai_ci;
/*!40101 SET character_set_client = @saved_cs_client */;

--
-- Dumping data for table `equipment`
--

LOCK TABLES `equipment` WRITE;
/*!40000 ALTER TABLE `equipment` DISABLE KEYS */;
INSERT INTO `equipment` VALUES (1,'M1','A라인','2026-04-07','가동중'),(2,'M2','B라인','2026-06-15','가동중');
/*!40000 ALTER TABLE `equipment` ENABLE KEYS */;
UNLOCK TABLES;

--
-- Table structure for table `failure_log`
--

DROP TABLE IF EXISTS `failure_log`;
/*!40101 SET @saved_cs_client     = @@character_set_client */;
/*!50503 SET character_set_client = utf8mb4 */;
CREATE TABLE `failure_log` (
  `failure_id` int NOT NULL AUTO_INCREMENT,
  `equipment_id` int NOT NULL,
  `failure_date` date NOT NULL,
  `cause` varchar(100) NOT NULL,
  `downtime` float NOT NULL,
  `action_taken` varchar(200) DEFAULT NULL,
  `failure_time` time DEFAULT NULL,
  PRIMARY KEY (`failure_id`),
  KEY `equipment_id` (`equipment_id`),
  CONSTRAINT `failure_log_ibfk_1` FOREIGN KEY (`equipment_id`) REFERENCES `equipment` (`equipment_id`)
) ENGINE=InnoDB AUTO_INCREMENT=1133 DEFAULT CHARSET=utf8mb4 COLLATE=utf8mb4_0900_ai_ci;
/*!40101 SET character_set_client = @saved_cs_client */;

--
-- Dumping data for table `failure_log`
--

LOCK TABLES `failure_log` WRITE;
/*!40000 ALTER TABLE `failure_log` DISABLE KEYS */;
INSERT INTO `failure_log` VALUES (1,1,'2026-05-01','Mechanical',19,NULL,'13:30:00'),(2,1,'2026-05-01','Changeover',38,NULL,'17:49:00'),(3,1,'2026-05-01','Starved',31,NULL,'12:11:00'),(4,1,'2026-05-01','Starved',17,NULL,'16:52:00'),(5,2,'2026-05-01','Mechanical',20,NULL,'12:38:00'),(6,2,'2026-05-01','Changeover',26,NULL,'06:25:00'),(7,2,'2026-05-01','Quality',32,NULL,'17:57:00'),(8,1,'2026-05-02','Mechanical',33,NULL,'05:00:00'),(9,1,'2026-05-02','Mechanical',22,NULL,'19:30:00'),(10,1,'2026-05-02','Electrical',26,NULL,'20:40:00'),(11,1,'2026-05-02','Starved',36,NULL,'11:44:00'),(12,1,'2026-05-02','Quality',38,NULL,'14:58:00'),(13,2,'2026-05-02','Mechanical',31,NULL,'12:38:00'),(14,2,'2026-05-02','Mechanical',17,NULL,'18:41:00'),(15,2,'2026-05-02','Mechanical',11,NULL,'21:39:00'),(16,2,'2026-05-02','Electrical',20,NULL,'08:42:00'),(17,2,'2026-05-02','Changeover',25,NULL,'06:32:00'),(18,2,'2026-05-02','Blocked',30,NULL,'07:38:00'),(19,2,'2026-05-02','Starved',33,NULL,'14:06:00'),(20,1,'2026-05-03','Electrical',20,NULL,'04:05:00'),(21,1,'2026-05-03','Electrical',33,NULL,'21:00:00'),(22,1,'2026-05-03','Changeover',36,NULL,'11:42:00'),(23,1,'2026-05-03','Changeover',17,NULL,'21:46:00'),(24,1,'2026-05-03','Blocked',25,NULL,'12:31:00'),(25,1,'2026-05-03','Blocked',25,NULL,'13:57:00'),(26,1,'2026-05-03','Starved',7,NULL,'14:40:00'),(27,1,'2026-05-03','Starved',39,NULL,'16:12:00'),(28,1,'2026-05-03','Starved',37,NULL,'17:58:00'),(29,2,'2026-05-03','Mechanical',36,NULL,'09:04:00'),(30,2,'2026-05-03','Mechanical',18,NULL,'22:12:00'),(31,2,'2026-05-03','Electrical',37,NULL,'23:07:00'),(32,2,'2026-05-03','Blocked',24,NULL,'10:28:00'),(33,1,'2026-05-04','Electrical',30,NULL,'02:15:00'),(34,1,'2026-05-04','Electrical',18,NULL,'13:55:00'),(35,1,'2026-05-04','Changeover',7,NULL,'10:42:00'),(36,1,'2026-05-04','Blocked',24,NULL,'01:34:00'),(37,1,'2026-05-04','Starved',31,NULL,'08:40:00'),(38,2,'2026-05-04','Mechanical',26,NULL,'04:25:00'),(39,2,'2026-05-04','Mechanical',40,NULL,'19:27:00'),(40,2,'2026-05-04','Changeover',10,NULL,'16:59:00'),(41,2,'2026-05-04','Blocked',18,NULL,'01:15:00'),(42,2,'2026-05-04','Starved',15,NULL,'15:08:00'),(43,2,'2026-05-04','Quality',23,NULL,'18:07:00'),(44,1,'2026-05-05','Electrical',22,NULL,'23:38:00'),(45,1,'2026-05-05','Starved',28,NULL,'02:40:00'),(46,1,'2026-05-05','Quality',24,NULL,'10:36:00'),(47,2,'2026-05-05','Mechanical',9,NULL,'03:18:00'),(48,2,'2026-05-05','Mechanical',22,NULL,'13:56:00'),(49,2,'2026-05-05','Electrical',26,NULL,'18:28:00'),(50,2,'2026-05-05','Changeover',8,NULL,'04:12:00'),(51,2,'2026-05-05','Quality',12,NULL,'21:31:00'),(52,1,'2026-05-06','Mechanical',19,NULL,'07:56:00'),(53,1,'2026-05-06','Electrical',40,NULL,'00:19:00'),(54,1,'2026-05-06','Electrical',23,NULL,'02:32:00'),(55,1,'2026-05-06','Changeover',29,NULL,'20:22:00'),(56,1,'2026-05-06','Starved',39,NULL,'15:22:00'),(57,1,'2026-05-06','Quality',22,NULL,'17:08:00'),(58,2,'2026-05-06','Mechanical',35,NULL,'00:47:00'),(59,2,'2026-05-06','Mechanical',19,NULL,'16:12:00'),(60,2,'2026-05-06','Blocked',36,NULL,'02:28:00'),(61,2,'2026-05-06','Starved',11,NULL,'11:15:00'),(62,2,'2026-05-06','Starved',35,NULL,'20:31:00'),(63,1,'2026-05-07','Electrical',14,NULL,'11:12:00'),(64,1,'2026-05-07','Electrical',16,NULL,'19:51:00'),(65,1,'2026-05-07','Blocked',12,NULL,'22:17:00'),(66,2,'2026-05-07','Mechanical',21,NULL,'08:47:00'),(67,2,'2026-05-07','Mechanical',28,NULL,'09:12:00'),(68,2,'2026-05-07','Mechanical',27,NULL,'12:46:00'),(69,2,'2026-05-07','Mechanical',6,NULL,'20:03:00'),(70,2,'2026-05-07','Mechanical',12,NULL,'22:03:00'),(71,2,'2026-05-07','Changeover',24,NULL,'05:55:00'),(72,2,'2026-05-07','Changeover',40,NULL,'15:10:00'),(73,2,'2026-05-07','Blocked',9,NULL,'20:58:00'),(74,1,'2026-05-08','Changeover',17,NULL,'04:09:00'),(75,1,'2026-05-08','Starved',39,NULL,'08:24:00'),(76,2,'2026-05-08','Electrical',31,NULL,'03:09:00'),(77,2,'2026-05-08','Electrical',33,NULL,'04:48:00'),(78,2,'2026-05-08','Electrical',26,NULL,'22:12:00'),(79,2,'2026-05-08','Changeover',29,NULL,'13:51:00'),(80,2,'2026-05-08','Starved',16,NULL,'15:18:00'),(81,2,'2026-05-08','Starved',25,NULL,'18:49:00'),(82,2,'2026-05-08','Quality',32,NULL,'07:31:00'),(83,1,'2026-05-09','Mechanical',13,NULL,'05:44:00'),(84,1,'2026-05-09','Mechanical',7,NULL,'10:01:00'),(85,1,'2026-05-09','Mechanical',19,NULL,'11:29:00'),(86,1,'2026-05-09','Blocked',31,NULL,'01:50:00'),(87,1,'2026-05-09','Quality',18,NULL,'14:47:00'),(88,2,'2026-05-09','Mechanical',26,NULL,'15:20:00'),(89,2,'2026-05-09','Mechanical',13,NULL,'20:02:00'),(90,2,'2026-05-09','Starved',22,NULL,'13:14:00'),(91,1,'2026-05-10','Mechanical',26,NULL,'19:00:00'),(92,1,'2026-05-10','Electrical',39,NULL,'09:11:00'),(93,1,'2026-05-10','Electrical',29,NULL,'11:50:00'),(94,1,'2026-05-10','Blocked',11,NULL,'21:14:00'),(95,1,'2026-05-10','Starved',17,NULL,'08:40:00'),(96,1,'2026-05-10','Quality',19,NULL,'10:25:00'),(97,1,'2026-05-10','Quality',27,NULL,'12:27:00'),(98,2,'2026-05-10','Mechanical',7,NULL,'03:08:00'),(99,2,'2026-05-10','Electrical',23,NULL,'21:29:00'),(100,2,'2026-05-10','Changeover',29,NULL,'16:05:00'),(101,2,'2026-05-10','Starved',36,NULL,'20:45:00'),(102,2,'2026-05-10','Starved',6,NULL,'22:39:00'),(103,2,'2026-05-10','Quality',6,NULL,'10:56:00'),(104,1,'2026-05-11','Mechanical',19,NULL,'18:48:00'),(105,1,'2026-05-11','Changeover',33,NULL,'04:59:00'),(106,2,'2026-05-11','Electrical',12,NULL,'17:52:00'),(107,2,'2026-05-11','Blocked',25,NULL,'07:39:00'),(108,2,'2026-05-11','Blocked',23,NULL,'09:14:00'),(109,2,'2026-05-11','Blocked',14,NULL,'18:30:00'),(110,1,'2026-05-12','Mechanical',35,NULL,'16:09:00'),(111,1,'2026-05-12','Electrical',12,NULL,'10:05:00'),(112,1,'2026-05-12','Changeover',23,NULL,'19:03:00'),(113,1,'2026-05-12','Blocked',38,NULL,'20:33:00'),(114,1,'2026-05-12','Blocked',10,NULL,'23:19:00'),(115,1,'2026-05-12','Starved',30,NULL,'02:49:00'),(116,1,'2026-05-12','Starved',36,NULL,'04:07:00'),(117,2,'2026-05-12','Mechanical',14,NULL,'20:09:00'),(118,2,'2026-05-12','Changeover',25,NULL,'04:48:00'),(119,2,'2026-05-12','Starved',7,NULL,'23:02:00'),(120,1,'2026-05-13','Mechanical',29,NULL,'09:35:00'),(121,1,'2026-05-13','Mechanical',23,NULL,'19:28:00'),(122,1,'2026-05-13','Changeover',33,NULL,'15:23:00'),(123,1,'2026-05-13','Blocked',35,NULL,'05:36:00'),(124,1,'2026-05-13','Blocked',11,NULL,'23:25:00'),(125,1,'2026-05-13','Quality',27,NULL,'02:07:00'),(126,1,'2026-05-13','Quality',35,NULL,'03:30:00'),(127,2,'2026-05-13','Mechanical',36,NULL,'16:06:00'),(128,2,'2026-05-13','Changeover',36,NULL,'19:54:00'),(129,2,'2026-05-13','Blocked',19,NULL,'07:24:00'),(130,2,'2026-05-13','Starved',23,NULL,'01:54:00'),(131,2,'2026-05-13','Starved',29,NULL,'06:52:00'),(132,1,'2026-05-14','Mechanical',31,NULL,'18:48:00'),(133,1,'2026-05-14','Mechanical',23,NULL,'21:39:00'),(134,1,'2026-05-14','Electrical',10,NULL,'23:08:00'),(135,1,'2026-05-14','Changeover',22,NULL,'03:20:00'),(136,1,'2026-05-14','Blocked',38,NULL,'22:19:00'),(137,1,'2026-05-14','Starved',18,NULL,'00:42:00'),(138,2,'2026-05-14','Electrical',12,NULL,'11:42:00'),(139,2,'2026-05-14','Electrical',19,NULL,'20:43:00'),(140,2,'2026-05-14','Starved',18,NULL,'03:03:00'),(141,2,'2026-05-14','Quality',9,NULL,'18:47:00'),(142,1,'2026-05-15','Mechanical',21,NULL,'09:46:00'),(143,1,'2026-05-15','Electrical',33,NULL,'05:04:00'),(144,1,'2026-05-15','Electrical',39,NULL,'19:45:00'),(145,1,'2026-05-15','Changeover',7,NULL,'11:01:00'),(146,2,'2026-05-15','Electrical',25,NULL,'16:40:00'),(147,2,'2026-05-15','Changeover',34,NULL,'19:32:00'),(148,2,'2026-05-15','Blocked',9,NULL,'08:31:00'),(149,2,'2026-05-15','Starved',20,NULL,'05:44:00'),(150,1,'2026-05-16','Mechanical',18,NULL,'23:42:00'),(151,1,'2026-05-16','Changeover',15,NULL,'03:20:00'),(152,1,'2026-05-16','Quality',30,NULL,'00:17:00'),(153,2,'2026-05-16','Mechanical',25,NULL,'05:50:00'),(154,2,'2026-05-16','Mechanical',29,NULL,'13:18:00'),(155,2,'2026-05-16','Changeover',36,NULL,'12:16:00'),(156,2,'2026-05-16','Starved',24,NULL,'02:48:00'),(157,2,'2026-05-16','Quality',17,NULL,'06:32:00'),(158,2,'2026-05-16','Quality',36,NULL,'20:18:00'),(159,1,'2026-05-17','Mechanical',39,NULL,'13:36:00'),(160,1,'2026-05-17','Electrical',40,NULL,'10:17:00'),(161,1,'2026-05-17','Changeover',36,NULL,'22:52:00'),(162,1,'2026-05-17','Starved',11,NULL,'16:27:00'),(163,2,'2026-05-17','Changeover',29,NULL,'04:43:00'),(164,2,'2026-05-17','Changeover',7,NULL,'06:08:00'),(165,2,'2026-05-17','Changeover',8,NULL,'06:52:00'),(166,2,'2026-05-17','Blocked',34,NULL,'14:34:00'),(167,1,'2026-05-18','Electrical',40,NULL,'01:00:00'),(168,1,'2026-05-18','Changeover',31,NULL,'02:50:00'),(169,1,'2026-05-18','Changeover',27,NULL,'18:11:00'),(170,1,'2026-05-18','Starved',37,NULL,'16:02:00'),(171,1,'2026-05-18','Quality',18,NULL,'05:00:00'),(172,2,'2026-05-18','Mechanical',8,NULL,'11:48:00'),(173,2,'2026-05-18','Mechanical',35,NULL,'23:24:00'),(174,2,'2026-05-18','Changeover',37,NULL,'07:37:00'),(175,2,'2026-05-18','Changeover',17,NULL,'10:23:00'),(176,2,'2026-05-18','Changeover',21,NULL,'17:02:00'),(177,2,'2026-05-18','Changeover',29,NULL,'22:36:00'),(178,2,'2026-05-18','Blocked',31,NULL,'20:56:00'),(179,1,'2026-05-19','Mechanical',33,NULL,'09:43:00'),(180,1,'2026-05-19','Mechanical',22,NULL,'11:44:00'),(181,1,'2026-05-19','Mechanical',21,NULL,'20:39:00'),(182,1,'2026-05-19','Blocked',39,NULL,'00:09:00'),(183,1,'2026-05-19','Blocked',39,NULL,'21:38:00'),(184,2,'2026-05-19','Mechanical',20,NULL,'11:40:00'),(185,2,'2026-05-19','Changeover',9,NULL,'12:29:00'),(186,2,'2026-05-19','Blocked',35,NULL,'14:33:00'),(187,2,'2026-05-19','Blocked',34,NULL,'16:25:00'),(188,2,'2026-05-19','Quality',37,NULL,'02:40:00'),(189,2,'2026-05-19','Quality',21,NULL,'08:33:00'),(190,1,'2026-05-20','Mechanical',17,NULL,'02:22:00'),(191,1,'2026-05-20','Electrical',13,NULL,'10:44:00'),(192,1,'2026-05-20','Changeover',29,NULL,'14:40:00'),(193,1,'2026-05-20','Blocked',13,NULL,'18:08:00'),(194,1,'2026-05-20','Quality',31,NULL,'04:15:00'),(195,2,'2026-05-20','Electrical',8,NULL,'08:47:00'),(196,2,'2026-05-20','Electrical',39,NULL,'11:00:00'),(197,2,'2026-05-20','Changeover',36,NULL,'13:13:00'),(198,2,'2026-05-20','Blocked',18,NULL,'18:04:00'),(199,2,'2026-05-20','Quality',27,NULL,'03:14:00'),(200,2,'2026-05-20','Quality',31,NULL,'04:27:00'),(201,2,'2026-05-20','Quality',25,NULL,'07:56:00'),(202,1,'2026-05-21','Mechanical',39,NULL,'01:17:00'),(203,1,'2026-05-21','Mechanical',39,NULL,'15:20:00'),(204,1,'2026-05-21','Electrical',7,NULL,'02:39:00'),(205,1,'2026-05-21','Changeover',19,NULL,'19:13:00'),(206,2,'2026-05-21','Mechanical',17,NULL,'22:02:00'),(207,2,'2026-05-21','Electrical',10,NULL,'02:43:00'),(208,2,'2026-05-21','Electrical',28,NULL,'07:34:00'),(209,2,'2026-05-21','Changeover',17,NULL,'08:12:00'),(210,2,'2026-05-21','Blocked',24,NULL,'03:23:00'),(211,2,'2026-05-21','Blocked',40,NULL,'11:41:00'),(212,2,'2026-05-21','Blocked',40,NULL,'17:28:00'),(213,1,'2026-05-22','Mechanical',9,NULL,'05:56:00'),(214,1,'2026-05-22','Mechanical',22,NULL,'09:35:00'),(215,1,'2026-05-22','Mechanical',15,NULL,'21:31:00'),(216,1,'2026-05-22','Electrical',32,NULL,'01:52:00'),(217,1,'2026-05-22','Changeover',33,NULL,'02:35:00'),(218,1,'2026-05-22','Changeover',21,NULL,'08:21:00'),(219,1,'2026-05-22','Blocked',23,NULL,'17:17:00'),(220,1,'2026-05-22','Blocked',40,NULL,'20:19:00'),(221,1,'2026-05-22','Starved',14,NULL,'00:24:00'),(222,1,'2026-05-22','Quality',24,NULL,'23:22:00'),(223,2,'2026-05-22','Mechanical',31,NULL,'01:09:00'),(224,2,'2026-05-22','Changeover',12,NULL,'15:09:00'),(225,2,'2026-05-22','Changeover',8,NULL,'16:11:00'),(226,2,'2026-05-22','Blocked',9,NULL,'04:22:00'),(227,1,'2026-05-23','Mechanical',39,NULL,'06:15:00'),(228,1,'2026-05-23','Mechanical',21,NULL,'13:30:00'),(229,1,'2026-05-23','Electrical',37,NULL,'17:42:00'),(230,1,'2026-05-23','Starved',18,NULL,'02:12:00'),(231,1,'2026-05-23','Starved',29,NULL,'10:46:00'),(232,2,'2026-05-23','Mechanical',21,NULL,'07:23:00'),(233,2,'2026-05-23','Mechanical',39,NULL,'13:32:00'),(234,2,'2026-05-23','Electrical',13,NULL,'08:06:00'),(235,2,'2026-05-23','Changeover',7,NULL,'00:19:00'),(236,2,'2026-05-23','Changeover',37,NULL,'01:53:00'),(237,2,'2026-05-23','Starved',35,NULL,'17:22:00'),(238,1,'2026-05-24','Electrical',8,NULL,'16:22:00'),(239,1,'2026-05-24','Changeover',30,NULL,'07:34:00'),(240,1,'2026-05-24','Changeover',34,NULL,'12:32:00'),(241,1,'2026-05-24','Changeover',40,NULL,'15:06:00'),(242,1,'2026-05-24','Changeover',7,NULL,'20:44:00'),(243,1,'2026-05-24','Blocked',6,NULL,'10:33:00'),(244,1,'2026-05-24','Starved',30,NULL,'00:42:00'),(245,2,'2026-05-24','Electrical',14,NULL,'09:04:00'),(246,2,'2026-05-24','Changeover',14,NULL,'17:15:00'),(247,2,'2026-05-24','Blocked',37,NULL,'13:07:00'),(248,2,'2026-05-24','Blocked',19,NULL,'16:55:00'),(249,2,'2026-05-24','Starved',10,NULL,'04:22:00'),(250,2,'2026-05-24','Starved',19,NULL,'08:23:00'),(251,2,'2026-05-24','Starved',18,NULL,'10:28:00'),(252,2,'2026-05-24','Quality',24,NULL,'06:12:00'),(253,2,'2026-05-24','Quality',11,NULL,'15:45:00'),(254,2,'2026-05-24','Quality',34,NULL,'23:12:00'),(255,1,'2026-05-25','Mechanical',30,NULL,'06:47:00'),(256,1,'2026-05-25','Electrical',22,NULL,'23:36:00'),(257,1,'2026-05-25','Changeover',15,NULL,'20:05:00'),(258,1,'2026-05-25','Starved',35,NULL,'04:43:00'),(259,2,'2026-05-25','Mechanical',21,NULL,'04:59:00'),(260,2,'2026-05-25','Electrical',40,NULL,'08:59:00'),(261,2,'2026-05-25','Electrical',40,NULL,'09:44:00'),(262,2,'2026-05-25','Electrical',12,NULL,'18:07:00'),(263,2,'2026-05-25','Changeover',30,NULL,'04:05:00'),(264,2,'2026-05-25','Changeover',19,NULL,'05:26:00'),(265,2,'2026-05-25','Changeover',39,NULL,'06:30:00'),(266,2,'2026-05-25','Changeover',13,NULL,'13:20:00'),(267,2,'2026-05-25','Starved',8,NULL,'03:17:00'),(268,2,'2026-05-25','Starved',27,NULL,'14:28:00'),(269,1,'2026-05-26','Mechanical',30,NULL,'09:12:00'),(270,1,'2026-05-26','Electrical',7,NULL,'08:07:00'),(271,1,'2026-05-26','Changeover',9,NULL,'13:06:00'),(272,1,'2026-05-26','Changeover',22,NULL,'20:48:00'),(273,1,'2026-05-26','Blocked',13,NULL,'00:52:00'),(274,1,'2026-05-26','Blocked',22,NULL,'22:14:00'),(275,2,'2026-05-26','Mechanical',9,NULL,'03:57:00'),(276,2,'2026-05-26','Mechanical',16,NULL,'20:56:00'),(277,2,'2026-05-26','Changeover',36,NULL,'22:25:00'),(278,2,'2026-05-26','Quality',22,NULL,'13:22:00'),(279,1,'2026-05-27','Mechanical',27,NULL,'12:26:00'),(280,1,'2026-05-27','Mechanical',17,NULL,'19:17:00'),(281,1,'2026-05-27','Electrical',31,NULL,'10:58:00'),(282,1,'2026-05-27','Electrical',15,NULL,'22:07:00'),(283,1,'2026-05-27','Electrical',13,NULL,'23:42:00'),(284,1,'2026-05-27','Changeover',39,NULL,'00:50:00'),(285,1,'2026-05-27','Blocked',40,NULL,'13:38:00'),(286,1,'2026-05-27','Starved',18,NULL,'22:44:00'),(287,1,'2026-05-27','Quality',29,NULL,'04:32:00'),(288,2,'2026-05-27','Mechanical',39,NULL,'16:13:00'),(289,2,'2026-05-27','Mechanical',38,NULL,'17:45:00'),(290,2,'2026-05-27','Electrical',21,NULL,'20:04:00'),(291,2,'2026-05-27','Changeover',36,NULL,'08:41:00'),(292,2,'2026-05-27','Quality',19,NULL,'05:00:00'),(293,1,'2026-05-28','Mechanical',22,NULL,'19:49:00'),(294,1,'2026-05-28','Electrical',35,NULL,'03:39:00'),(295,1,'2026-05-28','Changeover',15,NULL,'23:45:00'),(296,1,'2026-05-28','Blocked',32,NULL,'20:43:00'),(297,2,'2026-05-28','Blocked',28,NULL,'16:57:00'),(298,2,'2026-05-28','Starved',28,NULL,'02:20:00'),(299,2,'2026-05-28','Starved',21,NULL,'06:14:00'),(300,1,'2026-05-29','Mechanical',30,NULL,'05:50:00'),(301,1,'2026-05-29','Mechanical',40,NULL,'22:00:00'),(302,1,'2026-05-29','Changeover',32,NULL,'03:39:00'),(303,1,'2026-05-29','Changeover',28,NULL,'10:37:00'),(304,1,'2026-05-29','Blocked',22,NULL,'14:25:00'),(305,2,'2026-05-29','Mechanical',38,NULL,'21:51:00'),(306,2,'2026-05-29','Blocked',18,NULL,'00:24:00'),(307,2,'2026-05-29','Starved',25,NULL,'13:10:00'),(308,1,'2026-05-30','Mechanical',39,NULL,'07:40:00'),(309,1,'2026-05-30','Quality',23,NULL,'16:47:00'),(310,2,'2026-05-30','Electrical',36,NULL,'02:29:00'),(311,2,'2026-05-30','Starved',26,NULL,'18:59:00'),(312,2,'2026-05-30','Starved',12,NULL,'23:38:00'),(313,2,'2026-05-30','Quality',35,NULL,'13:23:00'),(643,1,'2026-05-31','Starved',33,NULL,'06:12:00'),(644,2,'2026-05-31','Mechanical',18,NULL,'15:29:00'),(645,2,'2026-05-31','Blocked',24,NULL,'06:19:00'),(646,2,'2026-05-31','Electrical',37,NULL,'07:40:00'),(647,1,'2026-05-31','Starved',9,NULL,'08:33:00'),(648,1,'2026-05-31','Blocked',8,NULL,'08:07:00'),(649,2,'2026-05-31','Mechanical',6,NULL,'11:17:00'),(650,1,'2026-05-31','Blocked',17,NULL,'09:17:00'),(651,1,'2026-05-31','Starved',14,NULL,'12:41:00'),(652,1,'2026-05-31','Electrical',14,NULL,'10:25:00'),(653,1,'2026-05-31','Mechanical',32,NULL,'11:02:00'),(654,1,'2026-05-31','Blocked',18,NULL,'07:29:00'),(655,1,'2026-05-31','Blocked',7,NULL,'15:20:00'),(656,1,'2026-05-31','Quality',12,NULL,'08:29:00'),(657,1,'2026-05-31','Blocked',24,NULL,'16:33:00'),(658,1,'2026-05-31','Changeover',27,NULL,'09:59:00'),(659,2,'2026-05-31','Electrical',12,NULL,'17:25:00'),(660,1,'2026-05-31','Mechanical',7,NULL,'06:01:00'),(661,1,'2026-05-31','Electrical',14,NULL,'12:15:00'),(662,2,'2026-05-31','Blocked',17,NULL,'12:00:00'),(663,2,'2026-05-31','Starved',12,NULL,'20:48:00'),(664,1,'2026-05-31','Blocked',3,NULL,'14:19:00'),(665,2,'2026-05-31','Changeover',4,NULL,'22:40:00'),(666,2,'2026-05-31','Blocked',21,NULL,'15:06:00'),(667,1,'2026-05-31','Changeover',4,NULL,'01:52:00'),(668,1,'2026-05-31','Quality',25,NULL,'02:27:00'),(669,1,'2026-05-31','Blocked',34,NULL,'03:35:00'),(670,2,'2026-05-31','Quality',30,NULL,'03:49:00'),(671,1,'2026-05-31','Quality',6,NULL,'04:05:00'),(1083,1,'2026-06-01','Quality',6,NULL,'08:44:00'),(1084,2,'2026-06-01','Changeover',24,NULL,'08:47:00'),(1085,2,'2026-06-01','Electrical',9,NULL,'07:01:00'),(1086,1,'2026-06-01','Changeover',3,NULL,'09:34:00'),(1087,1,'2026-06-01','Mechanical',39,NULL,'11:23:00'),(1088,1,'2026-06-01','Starved',8,NULL,'12:18:00'),(1089,2,'2026-06-01','Mechanical',14,NULL,'12:20:00'),(1090,1,'2026-06-01','Changeover',27,NULL,'16:03:00'),(1091,2,'2026-06-01','Blocked',15,NULL,'16:36:00'),(1092,2,'2026-06-01','Mechanical',11,NULL,'17:14:00'),(1093,2,'2026-06-01','Starved',32,NULL,'17:24:00'),(1094,1,'2026-06-01','Starved',27,NULL,'06:38:00'),(1095,1,'2026-06-01','Blocked',35,NULL,'08:37:00'),(1096,1,'2026-06-01','Electrical',24,NULL,'08:37:00'),(1097,1,'2026-06-01','Mechanical',12,NULL,'10:04:00'),(1098,1,'2026-06-01','Electrical',9,NULL,'12:57:00'),(1099,2,'2026-06-01','Mechanical',35,NULL,'14:59:00'),(1100,1,'2026-06-01','Mechanical',20,NULL,'16:57:00'),(1101,1,'2026-06-01','Electrical',31,NULL,'20:52:00'),(1102,2,'2026-06-01','Quality',24,NULL,'20:41:00'),(1103,1,'2026-06-01','Starved',34,NULL,'04:30:00'),(1104,2,'2026-06-01','Mechanical',10,NULL,'04:31:00'),(1105,1,'2026-06-02','Mechanical',25,NULL,'06:55:00'),(1106,2,'2026-06-02','Quality',9,NULL,'06:32:00'),(1107,2,'2026-06-02','Mechanical',19,NULL,'08:47:00'),(1108,1,'2026-06-02','Starved',13,NULL,'12:21:00'),(1109,1,'2026-06-02','Starved',24,NULL,'12:54:00'),(1110,2,'2026-06-02','Electrical',10,NULL,'14:42:00'),(1111,1,'2026-06-02','Changeover',37,NULL,'15:02:00'),(1112,2,'2026-06-02','Blocked',5,NULL,'15:51:00'),(1113,2,'2026-06-02','Blocked',30,NULL,'21:15:00'),(1114,1,'2026-06-02','Mechanical',30,NULL,'22:06:00'),(1115,2,'2026-06-02','Quality',4,NULL,'00:26:00'),(1116,1,'2026-06-02','Electrical',32,NULL,'01:38:00'),(1117,1,'2026-06-02','Blocked',12,NULL,'02:04:00'),(1118,1,'2026-06-02','Mechanical',10,NULL,'04:05:00'),(1119,1,'2026-06-02','Electrical',6,NULL,'05:31:00'),(1120,2,'2026-06-03','Starved',17,NULL,'06:36:00'),(1121,1,'2026-06-03','Starved',5,NULL,'08:18:00'),(1122,2,'2026-06-03','Starved',32,NULL,'08:35:00'),(1123,1,'2026-06-03','Changeover',11,NULL,'10:03:00'),(1124,2,'2026-06-03','Electrical',5,NULL,'13:03:00'),(1125,2,'2026-06-03','Quality',16,NULL,'13:19:00'),(1126,2,'2026-06-03','Mechanical',23,NULL,'15:04:00'),(1127,2,'2026-06-03','Quality',12,NULL,'18:41:00'),(1128,2,'2026-06-03','Blocked',31,NULL,'20:29:00'),(1129,1,'2026-06-03','Starved',12,NULL,'21:03:00'),(1130,1,'2026-06-03','Mechanical',9,NULL,'01:48:00'),(1131,2,'2026-06-03','Electrical',8,NULL,'03:50:00'),(1132,2,'2026-06-03','Blocked',26,NULL,'03:01:00');
/*!40000 ALTER TABLE `failure_log` ENABLE KEYS */;
UNLOCK TABLES;

--
-- Table structure for table `maintenance_log`
--

DROP TABLE IF EXISTS `maintenance_log`;
/*!40101 SET @saved_cs_client     = @@character_set_client */;
/*!50503 SET character_set_client = utf8mb4 */;
CREATE TABLE `maintenance_log` (
  `maintenance_id` int NOT NULL AUTO_INCREMENT,
  `equipment_id` int NOT NULL,
  `maintenance_date` date NOT NULL,
  `type` varchar(50) NOT NULL,
  `engineer` varchar(50) DEFAULT NULL,
  `note` varchar(200) DEFAULT NULL,
  `shift` char(1) DEFAULT NULL,
  PRIMARY KEY (`maintenance_id`),
  KEY `equipment_id` (`equipment_id`),
  CONSTRAINT `maintenance_log_ibfk_1` FOREIGN KEY (`equipment_id`) REFERENCES `equipment` (`equipment_id`)
) ENGINE=InnoDB AUTO_INCREMENT=575 DEFAULT CHARSET=utf8mb4 COLLATE=utf8mb4_0900_ai_ci;
/*!40101 SET character_set_client = @saved_cs_client */;

--
-- Dumping data for table `maintenance_log`
--

LOCK TABLES `maintenance_log` WRITE;
/*!40000 ALTER TABLE `maintenance_log` DISABLE KEYS */;
INSERT INTO `maintenance_log` VALUES (1,1,'2026-05-01','정기점검','황순봉','정상 완료','C'),(2,1,'2026-05-01','부품교체','이수민','정상 완료','A'),(3,1,'2026-05-01','긴급수리','이수민','정상 완료','A'),(4,2,'2026-05-01','부품교체','황순봉','정상 완료','C'),(5,2,'2026-05-01','부품교체','박준혁','정상 완료','B'),(6,2,'2026-05-01','긴급수리','이수민','정상 완료','A'),(7,1,'2026-05-02','긴급수리','이수민','정상 완료','A'),(8,1,'2026-05-02','부품교체','이수민','정상 완료','A'),(9,1,'2026-05-02','정기점검','황순봉','정상 완료','C'),(10,1,'2026-05-02','긴급수리','이수민','정상 완료','A'),(11,2,'2026-05-02','긴급수리','황순봉','정상 완료','C'),(12,2,'2026-05-02','정기점검','황순봉','정상 완료','C'),(13,2,'2026-05-02','정기점검','황순봉','정상 완료','C'),(14,2,'2026-05-02','부품교체','이수민','정상 완료','A'),(15,2,'2026-05-02','긴급수리','황순봉','정상 완료','C'),(16,1,'2026-05-03','정기점검','박준혁','정상 완료','B'),(17,1,'2026-05-03','부품교체','이수민','정상 완료','A'),(18,1,'2026-05-03','긴급수리','이수민','정상 완료','A'),(19,1,'2026-05-03','정기점검','이수민','정상 완료','A'),(20,2,'2026-05-03','긴급수리','이수민','정상 완료','A'),(21,2,'2026-05-03','긴급수리','이수민','정상 완료','A'),(22,2,'2026-05-03','정기점검','황순봉','정상 완료','C'),(23,1,'2026-05-04','긴급수리','황순봉','정상 완료','C'),(24,1,'2026-05-04','정기점검','이수민','정상 완료','A'),(25,1,'2026-05-04','정기점검','황순봉','정상 완료','C'),(26,2,'2026-05-04','긴급수리','이수민','정상 완료','A'),(27,2,'2026-05-04','부품교체','황순봉','정상 완료','C'),(28,2,'2026-05-04','정기점검','황순봉','정상 완료','C'),(29,2,'2026-05-04','정기점검','황순봉','정상 완료','C'),(30,2,'2026-05-04','부품교체','황순봉','정상 완료','C'),(31,1,'2026-05-05','정기점검','박준혁','정상 완료','B'),(32,1,'2026-05-05','부품교체','이수민','정상 완료','A'),(33,1,'2026-05-05','긴급수리','박준혁','정상 완료','B'),(34,2,'2026-05-05','긴급수리','황순봉','정상 완료','C'),(35,2,'2026-05-05','긴급수리','박준혁','정상 완료','B'),(36,2,'2026-05-05','부품교체','이수민','정상 완료','A'),(37,1,'2026-05-06','긴급수리','이수민','정상 완료','A'),(38,1,'2026-05-06','정기점검','황순봉','정상 완료','C'),(39,1,'2026-05-06','부품교체','박준혁','정상 완료','B'),(40,1,'2026-05-06','부품교체','박준혁','정상 완료','B'),(41,1,'2026-05-06','긴급수리','박준혁','정상 완료','B'),(42,2,'2026-05-06','긴급수리','이수민','정상 완료','A'),(43,2,'2026-05-06','정기점검','이수민','정상 완료','A'),(44,2,'2026-05-06','정기점검','박준혁','정상 완료','B'),(45,1,'2026-05-07','긴급수리','이수민','정상 완료','A'),(46,1,'2026-05-07','정기점검','이수민','정상 완료','A'),(47,2,'2026-05-07','긴급수리','박준혁','정상 완료','B'),(48,2,'2026-05-07','부품교체','이수민','정상 완료','A'),(49,1,'2026-05-08','정기점검','박준혁','정상 완료','B'),(50,1,'2026-05-08','부품교체','박준혁','정상 완료','B'),(51,2,'2026-05-08','긴급수리','황순봉','정상 완료','C'),(52,2,'2026-05-08','정기점검','박준혁','정상 완료','B'),(53,2,'2026-05-08','부품교체','이수민','정상 완료','A'),(54,2,'2026-05-08','부품교체','황순봉','정상 완료','C'),(55,1,'2026-05-09','긴급수리','박준혁','정상 완료','B'),(56,1,'2026-05-09','정기점검','황순봉','정상 완료','C'),(57,1,'2026-05-09','부품교체','이수민','정상 완료','A'),(58,2,'2026-05-09','긴급수리','박준혁','정상 완료','B'),(59,2,'2026-05-09','정기점검','이수민','정상 완료','A'),(60,1,'2026-05-10','긴급수리','황순봉','정상 완료','C'),(61,1,'2026-05-10','부품교체','박준혁','정상 완료','B'),(62,1,'2026-05-10','긴급수리','황순봉','정상 완료','C'),(63,1,'2026-05-10','정기점검','황순봉','정상 완료','C'),(64,1,'2026-05-10','정기점검','박준혁','정상 완료','B'),(65,2,'2026-05-10','정기점검','황순봉','정상 완료','C'),(66,2,'2026-05-10','부품교체','이수민','정상 완료','A'),(67,2,'2026-05-10','긴급수리','황순봉','정상 완료','C'),(68,1,'2026-05-11','부품교체','이수민','정상 완료','A'),(69,1,'2026-05-11','긴급수리','이수민','정상 완료','A'),(70,2,'2026-05-11','정기점검','황순봉','정상 완료','C'),(71,2,'2026-05-11','긴급수리','이수민','정상 완료','A'),(72,1,'2026-05-12','정기점검','박준혁','정상 완료','B'),(73,1,'2026-05-12','정기점검','이수민','정상 완료','A'),(74,1,'2026-05-12','긴급수리','이수민','정상 완료','A'),(75,1,'2026-05-12','부품교체','이수민','정상 완료','A'),(76,1,'2026-05-12','긴급수리','박준혁','정상 완료','B'),(77,2,'2026-05-12','부품교체','박준혁','정상 완료','B'),(78,2,'2026-05-12','긴급수리','박준혁','정상 완료','B'),(79,1,'2026-05-13','부품교체','황순봉','정상 완료','C'),(80,1,'2026-05-13','긴급수리','박준혁','정상 완료','B'),(81,1,'2026-05-13','정기점검','이수민','정상 완료','A'),(82,1,'2026-05-13','부품교체','박준혁','정상 완료','B'),(83,2,'2026-05-13','정기점검','박준혁','정상 완료','B'),(84,2,'2026-05-13','부품교체','이수민','정상 완료','A'),(85,2,'2026-05-13','긴급수리','황순봉','정상 완료','C'),(86,2,'2026-05-13','정기점검','박준혁','정상 완료','B'),(87,1,'2026-05-14','긴급수리','황순봉','정상 완료','C'),(88,1,'2026-05-14','정기점검','황순봉','정상 완료','C'),(89,1,'2026-05-14','부품교체','황순봉','정상 완료','C'),(90,1,'2026-05-14','정기점검','이수민','정상 완료','A'),(91,1,'2026-05-14','긴급수리','황순봉','정상 완료','C'),(92,2,'2026-05-14','긴급수리','황순봉','정상 완료','C'),(93,2,'2026-05-14','정기점검','이수민','정상 완료','A'),(94,1,'2026-05-15','긴급수리','황순봉','정상 완료','C'),(95,1,'2026-05-15','긴급수리','황순봉','정상 완료','C'),(96,2,'2026-05-15','부품교체','이수민','정상 완료','A'),(97,2,'2026-05-15','긴급수리','이수민','정상 완료','A'),(98,2,'2026-05-15','정기점검','박준혁','정상 완료','B'),(99,1,'2026-05-16','부품교체','박준혁','정상 완료','B'),(100,1,'2026-05-16','긴급수리','박준혁','정상 완료','B'),(101,1,'2026-05-16','부품교체','황순봉','정상 완료','C'),(102,2,'2026-05-16','긴급수리','황순봉','정상 완료','C'),(103,2,'2026-05-16','부품교체','황순봉','정상 완료','C'),(104,2,'2026-05-16','부품교체','이수민','정상 완료','A'),(105,2,'2026-05-16','정기점검','황순봉','정상 완료','C'),(106,1,'2026-05-17','긴급수리','박준혁','정상 완료','B'),(107,1,'2026-05-17','긴급수리','이수민','정상 완료','A'),(108,1,'2026-05-17','부품교체','이수민','정상 완료','A'),(109,1,'2026-05-17','정기점검','이수민','정상 완료','A'),(110,2,'2026-05-17','부품교체','박준혁','정상 완료','B'),(111,2,'2026-05-17','정기점검','박준혁','정상 완료','B'),(112,1,'2026-05-18','부품교체','박준혁','정상 완료','B'),(113,1,'2026-05-18','긴급수리','이수민','정상 완료','A'),(114,1,'2026-05-18','정기점검','이수민','정상 완료','A'),(115,1,'2026-05-18','부품교체','황순봉','정상 완료','C'),(116,2,'2026-05-18','부품교체','황순봉','정상 완료','C'),(117,2,'2026-05-18','긴급수리','박준혁','정상 완료','B'),(118,2,'2026-05-18','정기점검','이수민','정상 완료','A'),(119,1,'2026-05-19','정기점검','황순봉','정상 완료','C'),(120,1,'2026-05-19','긴급수리','박준혁','정상 완료','B'),(121,2,'2026-05-19','정기점검','박준혁','정상 완료','B'),(122,2,'2026-05-19','부품교체','황순봉','정상 완료','C'),(123,2,'2026-05-19','긴급수리','박준혁','정상 완료','B'),(124,1,'2026-05-20','부품교체','이수민','정상 완료','A'),(125,1,'2026-05-20','부품교체','박준혁','정상 완료','B'),(126,1,'2026-05-20','긴급수리','이수민','정상 완료','A'),(127,1,'2026-05-20','정기점검','이수민','정상 완료','A'),(128,1,'2026-05-20','긴급수리','황순봉','정상 완료','C'),(129,2,'2026-05-20','부품교체','황순봉','정상 완료','C'),(130,2,'2026-05-20','긴급수리','황순봉','정상 완료','C'),(131,2,'2026-05-20','부품교체','박준혁','정상 완료','B'),(132,2,'2026-05-20','정기점검','황순봉','정상 완료','C'),(133,1,'2026-05-21','긴급수리','황순봉','정상 완료','C'),(134,1,'2026-05-21','부품교체','박준혁','정상 완료','B'),(135,2,'2026-05-21','정기점검','황순봉','정상 완료','C'),(136,2,'2026-05-21','긴급수리','박준혁','정상 완료','B'),(137,2,'2026-05-21','부품교체','박준혁','정상 완료','B'),(138,2,'2026-05-21','긴급수리','이수민','정상 완료','A'),(139,1,'2026-05-22','정기점검','이수민','정상 완료','A'),(140,1,'2026-05-22','부품교체','황순봉','정상 완료','C'),(141,1,'2026-05-22','긴급수리','박준혁','정상 완료','B'),(142,1,'2026-05-22','긴급수리','이수민','정상 완료','A'),(143,1,'2026-05-22','부품교체','이수민','정상 완료','A'),(144,1,'2026-05-22','정기점검','이수민','정상 완료','A'),(145,2,'2026-05-22','긴급수리','이수민','정상 완료','A'),(146,2,'2026-05-22','부품교체','황순봉','정상 완료','C'),(147,1,'2026-05-23','긴급수리','이수민','정상 완료','A'),(148,1,'2026-05-23','정기점검','황순봉','정상 완료','C'),(149,1,'2026-05-23','긴급수리','박준혁','정상 완료','B'),(150,2,'2026-05-23','긴급수리','황순봉','정상 완료','C'),(151,2,'2026-05-23','부품교체','이수민','정상 완료','A'),(152,2,'2026-05-23','정기점검','박준혁','정상 완료','B'),(153,2,'2026-05-23','긴급수리','박준혁','정상 완료','B'),(154,1,'2026-05-24','부품교체','황순봉','정상 완료','C'),(155,1,'2026-05-24','정기점검','박준혁','정상 완료','B'),(156,2,'2026-05-24','부품교체','황순봉','정상 완료','C'),(157,2,'2026-05-24','정기점검','박준혁','정상 완료','B'),(158,2,'2026-05-24','정기점검','황순봉','정상 완료','C'),(159,2,'2026-05-24','부품교체','이수민','정상 완료','A'),(160,2,'2026-05-24','긴급수리','황순봉','정상 완료','C'),(161,1,'2026-05-25','정기점검','황순봉','정상 완료','C'),(162,1,'2026-05-25','긴급수리','이수민','정상 완료','A'),(163,1,'2026-05-25','긴급수리','황순봉','정상 완료','C'),(164,1,'2026-05-25','부품교체','황순봉','정상 완료','C'),(165,2,'2026-05-25','부품교체','박준혁','정상 완료','B'),(166,2,'2026-05-25','긴급수리','황순봉','정상 완료','C'),(167,2,'2026-05-25','정기점검','박준혁','정상 완료','B'),(168,2,'2026-05-25','긴급수리','이수민','정상 완료','A'),(169,1,'2026-05-26','정기점검','박준혁','정상 완료','B'),(170,1,'2026-05-26','부품교체','박준혁','정상 완료','B'),(171,1,'2026-05-26','긴급수리','이수민','정상 완료','A'),(172,2,'2026-05-26','부품교체','박준혁','정상 완료','B'),(173,2,'2026-05-26','긴급수리','이수민','정상 완료','A'),(174,2,'2026-05-26','부품교체','황순봉','정상 완료','C'),(175,1,'2026-05-27','긴급수리','황순봉','정상 완료','C'),(176,1,'2026-05-27','긴급수리','박준혁','정상 완료','B'),(177,1,'2026-05-27','정기점검','황순봉','정상 완료','C'),(178,1,'2026-05-27','부품교체','이수민','정상 완료','A'),(179,1,'2026-05-27','부품교체','황순봉','정상 완료','C'),(180,1,'2026-05-27','정기점검','이수민','정상 완료','A'),(181,2,'2026-05-27','긴급수리','황순봉','정상 완료','C'),(182,2,'2026-05-27','부품교체','박준혁','정상 완료','B'),(183,2,'2026-05-27','긴급수리','황순봉','정상 완료','C'),(184,2,'2026-05-27','부품교체','황순봉','정상 완료','C'),(185,1,'2026-05-28','긴급수리','황순봉','정상 완료','C'),(186,1,'2026-05-28','정기점검','이수민','정상 완료','A'),(187,1,'2026-05-28','긴급수리','이수민','정상 완료','A'),(188,1,'2026-05-28','부품교체','박준혁','정상 완료','B'),(189,2,'2026-05-28','정기점검','이수민','정상 완료','A'),(190,2,'2026-05-28','정기점검','황순봉','정상 완료','C'),(191,1,'2026-05-29','긴급수리','황순봉','정상 완료','C'),(192,1,'2026-05-29','부품교체','이수민','정상 완료','A'),(193,1,'2026-05-29','정기점검','황순봉','정상 완료','C'),(194,2,'2026-05-29','긴급수리','박준혁','정상 완료','B'),(195,2,'2026-05-29','정기점검','박준혁','정상 완료','B'),(196,2,'2026-05-29','정기점검','이수민','정상 완료','A'),(197,1,'2026-05-30','긴급수리','이수민','정상 완료','A'),(198,1,'2026-05-30','부품교체','박준혁','정상 완료','B'),(199,2,'2026-05-30','정기점검','박준혁','정상 완료','B'),(200,2,'2026-05-30','긴급수리','이수민','정상 완료','A'),(201,2,'2026-05-30','부품교체','이수민','정상 완료','A'),(355,1,'2026-05-31','정기점검','이수민','정상 완료','A'),(356,2,'2026-05-31','긴급수리','이수민','정상 완료','A'),(357,1,'2026-05-31','정기점검','이수민','정상 완료','A'),(358,1,'2026-05-31','부품교체','이수민','정상 완료','A'),(359,1,'2026-05-31','부품교체','이수민','정상 완료','A'),(360,2,'2026-05-31','긴급수리','박준혁','정상 완료','B'),(361,1,'2026-05-31','긴급수리','이수민','정상 완료','A'),(362,2,'2026-05-31','정기점검','이수민','정상 완료','A'),(363,2,'2026-05-31','정기점검','박준혁','정상 완료','B'),(364,2,'2026-05-31','정기점검','박준혁','정상 완료','B'),(365,1,'2026-05-31','부품교체','황순봉','정상 완료','C'),(366,1,'2026-05-31','정기점검','황순봉','정상 완료','C'),(367,2,'2026-05-31','부품교체','황순봉','정상 완료','C'),(552,1,'2026-06-01','긴급수리','이수민','정상 완료','A'),(553,1,'2026-06-01','부품교체','박준혁','정상 완료','B'),(554,2,'2026-06-01','긴급수리','박준혁','정상 완료','B'),(555,2,'2026-06-01','정기점검','박준혁','정상 완료','B'),(556,1,'2026-06-01','정기점검','이수민','정상 완료','A'),(557,1,'2026-06-01','정기점검','이수민','정상 완료','A'),(558,1,'2026-06-01','긴급수리','이수민','정상 완료','A'),(559,1,'2026-06-01','긴급수리','박준혁','정상 완료','B'),(560,1,'2026-06-01','정기점검','황순봉','정상 완료','C'),(561,2,'2026-06-01','긴급수리','황순봉','정상 완료','C'),(562,1,'2026-06-02','긴급수리','이수민','정상 완료','A'),(563,2,'2026-06-02','긴급수리','이수민','정상 완료','A'),(564,1,'2026-06-02','정기점검','이수민','정상 완료','A'),(565,2,'2026-06-02','긴급수리','박준혁','정상 완료','B'),(566,1,'2026-06-02','부품교체','박준혁','정상 완료','B'),(567,1,'2026-06-02','긴급수리','황순봉','정상 완료','C'),(568,1,'2026-06-02','긴급수리','황순봉','정상 완료','C'),(569,1,'2026-06-02','정기점검','황순봉','정상 완료','C'),(570,1,'2026-06-02','긴급수리','황순봉','정상 완료','C'),(571,1,'2026-06-03','부품교체','이수민','정상 완료','A'),(572,2,'2026-06-03','긴급수리','박준혁','정상 완료','B'),(573,2,'2026-06-03','정기점검','박준혁','정상 완료','B'),(574,1,'2026-06-03','정기점검','박준혁','정상 완료','B');
/*!40000 ALTER TABLE `maintenance_log` ENABLE KEYS */;
UNLOCK TABLES;

--
-- Table structure for table `oee_log`
--

DROP TABLE IF EXISTS `oee_log`;
/*!40101 SET @saved_cs_client     = @@character_set_client */;
/*!50503 SET character_set_client = utf8mb4 */;
CREATE TABLE `oee_log` (
  `log_id` int NOT NULL AUTO_INCREMENT,
  `equipment_id` int NOT NULL,
  `log_date` date NOT NULL,
  `availability` float NOT NULL,
  `performance` float NOT NULL,
  `quality` float NOT NULL,
  `oee` float NOT NULL,
  PRIMARY KEY (`log_id`),
  KEY `equipment_id` (`equipment_id`),
  CONSTRAINT `oee_log_ibfk_1` FOREIGN KEY (`equipment_id`) REFERENCES `equipment` (`equipment_id`)
) ENGINE=InnoDB AUTO_INCREMENT=197 DEFAULT CHARSET=utf8mb4 COLLATE=utf8mb4_0900_ai_ci;
/*!40101 SET character_set_client = @saved_cs_client */;

--
-- Dumping data for table `oee_log`
--

LOCK TABLES `oee_log` WRITE;
/*!40000 ALTER TABLE `oee_log` DISABLE KEYS */;
INSERT INTO `oee_log` VALUES (1,1,'2026-05-01',0.902778,1.03504,0.996697,0.931327),(2,1,'2026-05-02',0.892361,0.999481,0.995588,0.887963),(3,1,'2026-05-03',0.834028,0.998335,0.995691,0.829051),(4,1,'2026-05-04',0.923611,1.00013,0.996742,0.920718),(5,1,'2026-05-05',0.948611,1.02672,0.997742,0.971759),(6,1,'2026-05-06',0.868056,1.006,0.996687,0.87037),(7,1,'2026-05-07',0.970833,1.00846,0.996099,0.975231),(8,1,'2026-05-08',0.961111,1.01397,0.997031,0.971644),(9,1,'2026-05-09',0.938889,1.00284,0.996558,0.93831),(10,1,'2026-05-10',0.883333,1.0173,0.997038,0.895949),(11,1,'2026-05-11',0.963889,1.02281,0.9973,0.983218),(12,1,'2026-05-12',0.872222,1.00425,0.996829,0.873148),(13,1,'2026-05-13',0.865972,1.01203,0.996566,0.87338),(14,1,'2026-05-14',0.901389,0.998202,0.997041,0.897106),(15,1,'2026-05-15',0.930556,0.993781,0.995995,0.921065),(16,1,'2026-05-16',0.95625,1.00036,0.996249,0.953009),(17,1,'2026-05-17',0.9,0.989069,0.996359,0.886921),(18,1,'2026-05-18',0.89375,1.01049,0.997693,0.901042),(19,1,'2026-05-19',0.893056,1.00635,0.99678,0.895833),(20,1,'2026-05-20',0.928472,1.01446,0.996068,0.938194),(21,1,'2026-05-21',0.927778,1.02008,0.99731,0.943866),(22,1,'2026-05-22',0.838194,1.0203,0.995805,0.85162),(23,1,'2026-05-23',0.9,0.994985,0.996769,0.892593),(24,1,'2026-05-24',0.892361,1.01881,0.997581,0.906944),(25,1,'2026-05-25',0.929167,1.02055,0.996705,0.945139),(26,1,'2026-05-26',0.928472,1.00237,0.997015,0.927894),(27,1,'2026-05-27',0.840972,1.00881,0.996862,0.845718),(28,1,'2026-05-28',0.927778,1.03144,0.99746,0.954514),(29,1,'2026-05-29',0.8875,0.999218,0.997259,0.884375),(30,1,'2026-05-30',0.956944,1.00435,0.996869,0.958102),(32,2,'2026-05-01',0.927778,1.03044,0.997256,0.953395),(33,2,'2026-05-02',0.884028,1.02736,0.996814,0.905324),(34,2,'2026-05-03',0.920139,1.01962,0.995682,0.934144),(35,2,'2026-05-04',0.908333,1.01058,0.996974,0.915162),(36,2,'2026-05-05',0.946528,0.997065,0.997057,0.940972),(37,2,'2026-05-06',0.905556,1.02326,0.997252,0.924074),(38,2,'2026-05-07',0.884028,1.01846,0.996529,0.897222),(39,2,'2026-05-08',0.866667,1.01549,0.997238,0.877662),(40,2,'2026-05-09',0.957639,1.01051,0.996651,0.964468),(41,2,'2026-05-10',0.925694,1.01738,0.996436,0.938426),(42,2,'2026-05-11',0.948611,1.0233,0.997258,0.968056),(43,2,'2026-05-12',0.968056,0.997728,0.997484,0.963426),(44,2,'2026-05-13',0.900694,1.00925,0.996944,0.90625),(45,2,'2026-05-14',0.959722,1.01881,0.996449,0.974306),(46,2,'2026-05-15',0.938889,1.01664,0.997211,0.951852),(47,2,'2026-05-16',0.884028,1.01859,0.997686,0.89838),(48,2,'2026-05-17',0.945833,1.02349,0.997728,0.965856),(49,2,'2026-05-18',0.876389,1.00924,0.997514,0.882292),(50,2,'2026-05-19',0.891667,1.01012,0.99743,0.89838),(51,2,'2026-05-20',0.872222,1.00438,0.996433,0.872917),(52,2,'2026-05-21',0.877778,1.02228,0.996904,0.89456),(53,2,'2026-05-22',0.958333,1.01377,0.996783,0.968403),(54,2,'2026-05-23',0.894444,1.01229,0.996293,0.902083),(55,2,'2026-05-24',0.861111,1.01707,0.996828,0.873032),(56,2,'2026-05-25',0.827083,0.994402,0.996763,0.819792),(57,2,'2026-05-26',0.942361,1.00921,0.995619,0.946875),(58,2,'2026-05-27',0.89375,1.00544,0.99575,0.894792),(59,2,'2026-05-28',0.946528,1.00624,0.996962,0.949537),(60,2,'2026-05-29',0.94375,1.00601,0.997562,0.947106),(61,2,'2026-05-30',0.924306,1.01603,0.996303,0.935648),(117,1,'2026-05-31',0.9208,1.0123,0.9976,0.93),(118,2,'2026-05-31',0.9556,0.9937,0.9965,0.9462),(193,1,'2026-06-01',0.8667,0.9845,0.9965,0.8502),(194,2,'2026-06-01',0.9521,0.9838,0.9978,0.9346),(195,1,'2026-06-02',0.8688,0.992,0.9966,0.8589),(196,2,'2026-06-02',0.9465,1.0057,0.9967,0.9488);
/*!40000 ALTER TABLE `oee_log` ENABLE KEYS */;
UNLOCK TABLES;

--
-- Table structure for table `oee_shift_log`
--

DROP TABLE IF EXISTS `oee_shift_log`;
/*!40101 SET @saved_cs_client     = @@character_set_client */;
/*!50503 SET character_set_client = utf8mb4 */;
CREATE TABLE `oee_shift_log` (
  `shift_log_id` int NOT NULL AUTO_INCREMENT,
  `equipment_id` int NOT NULL,
  `log_date` date NOT NULL,
  `shift` char(1) NOT NULL,
  `availability` float DEFAULT NULL,
  `performance` float DEFAULT NULL,
  `quality` float DEFAULT NULL,
  `oee` float DEFAULT NULL,
  PRIMARY KEY (`shift_log_id`),
  KEY `equipment_id` (`equipment_id`),
  CONSTRAINT `oee_shift_log_ibfk_1` FOREIGN KEY (`equipment_id`) REFERENCES `equipment` (`equipment_id`)
) ENGINE=InnoDB AUTO_INCREMENT=629 DEFAULT CHARSET=utf8mb4 COLLATE=utf8mb4_0900_ai_ci;
/*!40101 SET character_set_client = @saved_cs_client */;

--
-- Dumping data for table `oee_shift_log`
--

LOCK TABLES `oee_shift_log` WRITE;
/*!40000 ALTER TABLE `oee_shift_log` DISABLE KEYS */;
INSERT INTO `oee_shift_log` VALUES (1,1,'2026-05-01','A',0.895833,1.02946,0.996235,0.91875),(2,1,'2026-05-01','B',0.885417,1.03725,0.997732,0.916319),(3,1,'2026-05-01','C',1,1.04722,0.994695,1.04167),(4,1,'2026-05-02','A',0.925,1.0274,0.997077,0.947569),(5,1,'2026-05-02','B',0.820833,0.998308,0.994915,0.815278),(6,1,'2026-05-02','C',0.93125,0.972781,0.994634,0.901042),(7,1,'2026-05-03','A',0.866667,0.985577,0.995528,0.850347),(8,1,'2026-05-03','B',0.683333,1.00508,0.996967,0.684722),(9,1,'2026-05-03','C',0.952083,1.00511,0.99492,0.952083),(10,1,'2026-05-04','A',0.910417,0.982456,0.995342,0.890278),(11,1,'2026-05-04','B',0.972917,1.01071,0.996822,0.980208),(12,1,'2026-05-04','C',0.8875,1.00665,0.998057,0.891667),(13,1,'2026-05-05','A',0.95,1.03801,0.998592,0.984722),(14,1,'2026-05-05','B',1,0.993403,0.996854,0.990278),(15,1,'2026-05-05','C',0.895833,1.05194,0.997789,0.940278),(16,1,'2026-05-06','A',0.960417,0.991323,0.995988,0.948264),(17,1,'2026-05-06','B',0.8125,0.991453,0.997414,0.803472),(18,1,'2026-05-06','C',0.83125,1.03718,0.996778,0.859375),(19,1,'2026-05-07','A',0.970833,1.00966,0.99752,0.977778),(20,1,'2026-05-07','B',0.966667,1.00647,0.995004,0.968056),(21,1,'2026-05-07','C',0.975,1.00926,0.995766,0.979861),(22,1,'2026-05-08','A',0.91875,0.993575,0.996577,0.909722),(23,1,'2026-05-08','B',1,1.01215,0.997942,1.01007),(24,1,'2026-05-08','C',0.964583,1.03528,0.996523,0.995139),(25,1,'2026-05-09','A',0.945833,1.0246,0.996775,0.965972),(26,1,'2026-05-09','B',0.9625,0.981602,0.995222,0.940278),(27,1,'2026-05-09','C',0.908333,1.00268,0.997713,0.908681),(28,1,'2026-05-10','A',0.727083,1.02627,0.999069,0.745486),(29,1,'2026-05-10','B',0.922917,1.00865,0.995897,0.927083),(30,1,'2026-05-10','C',1,1.01875,0.996592,1.01528),(31,1,'2026-05-11','A',1,1.03403,0.996978,1.0309),(32,1,'2026-05-11','B',0.960417,1.03615,0.997907,0.993056),(33,1,'2026-05-11','C',0.93125,0.997017,0.997008,0.925694),(34,1,'2026-05-12','A',0.975,0.987536,0.996033,0.959028),(35,1,'2026-05-12','B',0.8,1.0191,0.997445,0.813194),(36,1,'2026-05-12','C',0.841667,1.00949,0.997139,0.847222),(37,1,'2026-05-13','A',0.916667,1.02159,0.995551,0.932292),(38,1,'2026-05-13','B',0.883333,0.979953,0.996791,0.862847),(39,1,'2026-05-13','C',0.797917,1.03655,0.997481,0.825),(40,1,'2026-05-14','A',1,1.01597,0.997608,1.01354),(41,1,'2026-05-14','B',0.891667,0.972352,0.997597,0.864931),(42,1,'2026-05-14','C',0.8125,1.0047,0.995746,0.812847),(43,1,'2026-05-15','A',0.941667,0.994838,0.995182,0.932292),(44,1,'2026-05-15','B',0.91875,0.993953,0.996578,0.910069),(45,1,'2026-05-15','C',0.93125,0.992543,0.996243,0.920833),(46,1,'2026-05-16','A',1,0.993403,0.996505,0.989931),(47,1,'2026-05-16','B',1,1.02569,0.996276,1.02188),(48,1,'2026-05-16','C',0.86875,0.979217,0.995918,0.847222),(49,1,'2026-05-17','A',0.866667,1.0004,0.996796,0.864236),(50,1,'2026-05-17','B',0.945833,0.978708,0.994749,0.920833),(51,1,'2026-05-17','C',0.8875,0.989045,0.997627,0.875694),(52,1,'2026-05-18','A',1,0.997917,0.997912,0.995833),(53,1,'2026-05-18','B',0.866667,1.00921,0.997618,0.872569),(54,1,'2026-05-18','C',0.814583,1.02728,0.99751,0.834722),(55,1,'2026-05-19','A',0.885417,1.03765,0.996221,0.915278),(56,1,'2026-05-19','B',0.910417,0.98627,0.996906,0.895139),(57,1,'2026-05-19','C',0.883333,0.995676,0.997236,0.877083),(58,1,'2026-05-20','A',0.972917,0.995717,0.997849,0.966667),(59,1,'2026-05-20','B',0.9125,1.02588,0.996291,0.932639),(60,1,'2026-05-20','C',0.9,1.02315,0.993967,0.915278),(61,1,'2026-05-21','A',1,1.02639,0.996955,1.02326),(62,1,'2026-05-21','B',0.879167,1.00474,0.998821,0.882292),(63,1,'2026-05-21','C',0.904167,1.02803,0.996264,0.926042),(64,1,'2026-05-22','A',0.9,1.00617,0.996933,0.902778),(65,1,'2026-05-22','B',0.8375,1.01824,0.993485,0.847222),(66,1,'2026-05-22','C',0.777083,1.03887,0.996989,0.804861),(67,1,'2026-05-23','A',0.814583,0.978687,0.996951,0.794792),(68,1,'2026-05-23','B',0.922917,0.981941,0.998467,0.904861),(69,1,'2026-05-23','C',0.9625,1.02128,0.995055,0.978125),(70,1,'2026-05-24','A',0.854167,1.03455,0.996857,0.880903),(71,1,'2026-05-24','B',0.885417,0.983922,0.998406,0.869792),(72,1,'2026-05-24','C',0.9375,1.03741,0.997501,0.970139),(73,1,'2026-05-25','A',0.9375,1.02593,0.995668,0.957639),(74,1,'2026-05-25','B',0.96875,0.994982,0.997478,0.961458),(75,1,'2026-05-25','C',0.88125,1.04295,0.996978,0.916319),(76,1,'2026-05-26','A',0.904167,1.00499,0.997707,0.906597),(77,1,'2026-05-26','B',0.954167,0.998544,0.996356,0.949306),(78,1,'2026-05-26','C',0.927083,1.00375,0.997015,0.927778),(79,1,'2026-05-27','A',0.833333,1.03042,0.996765,0.855903),(80,1,'2026-05-27','B',0.927083,0.977903,0.996936,0.903819),(81,1,'2026-05-27','C',0.7625,1.02277,0.996883,0.777431),(82,1,'2026-05-28','A',1,1.03576,0.997653,1.03333),(83,1,'2026-05-28','B',0.8875,1.02543,0.997329,0.907639),(84,1,'2026-05-28','C',0.895833,1.03256,0.997372,0.922569),(85,1,'2026-05-29','A',0.9,1.01543,0.99772,0.911806),(86,1,'2026-05-29','B',0.954167,0.992722,0.997801,0.945139),(87,1,'2026-05-29','C',0.808333,0.988832,0.99609,0.796181),(88,1,'2026-05-30','A',0.91875,1.01361,0.997763,0.929167),(89,1,'2026-05-30','B',0.952083,0.996353,0.995974,0.944792),(90,1,'2026-05-30','C',1,1.00347,0.996886,1.00035),(92,2,'2026-05-01','A',0.904167,0.988479,0.997669,0.891667),(93,2,'2026-05-01','B',0.933333,1.06362,0.996852,0.989583),(94,2,'2026-05-01','C',1,1.05833,0.997375,1.05556),(95,2,'2026-05-02','A',0.779167,1.01515,0.997366,0.788889),(96,2,'2026-05-02','B',0.872917,1.01551,0.998042,0.884722),(97,2,'2026-05-02','C',1,1.04722,0.995358,1.04236),(98,2,'2026-05-03','A',0.875,1.01349,0.998434,0.885417),(99,2,'2026-05-03','B',1,1.025,0.99458,1.01944),(100,2,'2026-05-03','C',0.885417,1.01961,0.994231,0.897569),(101,2,'2026-05-04','A',1,1.04097,0.996998,1.03785),(102,2,'2026-05-04','B',0.816667,1.02041,0.996667,0.830556),(103,2,'2026-05-04','C',0.908333,0.968272,0.997236,0.877083),(104,2,'2026-05-05','A',0.991667,1.0049,0.997213,0.99375),(105,2,'2026-05-05','B',0.883333,1.01376,0.997286,0.893056),(106,2,'2026-05-05','C',0.964583,0.973722,0.996673,0.936111),(107,2,'2026-05-06','A',0.977083,1.0231,0.996527,0.996181),(108,2,'2026-05-06','B',0.8875,1.03365,0.998486,0.915972),(109,2,'2026-05-06','C',0.852083,1.01263,0.996781,0.860069),(110,2,'2026-05-07','A',0.802083,0.989177,0.997374,0.791319),(111,2,'2026-05-07','B',0.885417,1.04471,0.995871,0.921181),(112,2,'2026-05-07','C',0.964583,1.01872,0.996466,0.979167),(113,2,'2026-05-08','A',0.914583,1.00721,0.998115,0.919444),(114,2,'2026-05-08','B',0.872917,1.02068,0.997272,0.888542),(115,2,'2026-05-08','C',0.8125,1.01923,0.996226,0.825),(116,2,'2026-05-09','A',0.954167,1.02729,0.996103,0.976389),(117,2,'2026-05-09','B',0.91875,0.976568,0.99613,0.89375),(118,2,'2026-05-09','C',1,1.02569,0.99763,1.02326),(119,2,'2026-05-10','A',0.9875,1.03551,0.997284,1.01979),(120,2,'2026-05-10','B',0.816667,1.02126,0.993755,0.828819),(121,2,'2026-05-10','C',0.972917,0.995717,0.997849,0.966667),(122,2,'2026-05-11','A',0.9,1.01042,0.997709,0.907292),(123,2,'2026-05-11','B',0.945833,1.04001,0.997529,0.98125),(124,2,'2026-05-11','C',1,1.0191,0.996593,1.01562),(125,2,'2026-05-12','A',1,0.975694,0.997153,0.972917),(126,2,'2026-05-12','B',0.970833,0.997139,0.996413,0.964583),(127,2,'2026-05-12','C',0.933333,1.02195,0.998908,0.952778),(128,2,'2026-05-13','A',0.9,1.00039,0.996915,0.897569),(129,2,'2026-05-13','B',0.85,1.01716,0.997189,0.862153),(130,2,'2026-05-13','C',0.952083,1.01058,0.996752,0.959028),(131,2,'2026-05-14','A',0.975,1.04594,0.998638,1.0184),(132,2,'2026-05-14','B',0.941667,0.990044,0.994041,0.926736),(133,2,'2026-05-14','C',0.9625,1.01948,0.996461,0.977778),(134,2,'2026-05-15','A',0.972917,1.01213,0.997179,0.981944),(135,2,'2026-05-15','B',0.877083,1.04434,0.997726,0.913889),(136,2,'2026-05-15','C',0.966667,0.996049,0.996754,0.959722),(137,2,'2026-05-16','A',0.797917,1.0235,0.997024,0.814236),(138,2,'2026-05-16','B',0.925,1.04204,0.997839,0.961806),(139,2,'2026-05-16','C',0.929167,0.991031,0.998115,0.919097),(140,2,'2026-05-17','A',0.96875,1.00717,0.998577,0.974306),(141,2,'2026-05-17','B',0.929167,1.03214,0.997466,0.956597),(142,2,'2026-05-17','C',0.939583,1.03178,0.997135,0.966667),(143,2,'2026-05-18','A',0.870833,1.02671,0.99767,0.892014),(144,2,'2026-05-18','B',0.891667,1.00039,0.996107,0.888542),(145,2,'2026-05-18','C',0.866667,1.0008,0.998799,0.866319),(146,2,'2026-05-19','A',0.895833,1.00271,0.995361,0.894097),(147,2,'2026-05-19','B',0.85625,1.01946,0.998807,0.871875),(148,2,'2026-05-19','C',0.922917,1.00865,0.998135,0.929167),(149,2,'2026-05-20','A',0.775,1.01299,0.996904,0.782639),(150,2,'2026-05-20','B',0.9625,1.01515,0.996446,0.973611),(151,2,'2026-05-20','C',0.879167,0.984992,0.99599,0.8625),(152,2,'2026-05-21','A',0.822917,1.0038,0.996217,0.822917),(153,2,'2026-05-21','B',0.916667,1.03939,0.99672,0.949653),(154,2,'2026-05-21','C',0.89375,1.02176,0.997719,0.911111),(155,2,'2026-05-22','A',1,1.02535,0.996952,1.02222),(156,2,'2026-05-22','B',0.958333,1.0308,0.995782,0.983681),(157,2,'2026-05-22','C',0.916667,0.983333,0.997689,0.899306),(158,2,'2026-05-23','A',0.870833,1.00997,0.998421,0.878125),(159,2,'2026-05-23','B',0.904167,1.00038,0.996545,0.901389),(160,2,'2026-05-23','C',0.908333,1.02638,0.994041,0.926736),(161,2,'2026-05-24','A',0.766667,1.03759,0.997381,0.793403),(162,2,'2026-05-24','B',0.908333,1.00153,0.996947,0.906944),(163,2,'2026-05-24','C',0.908333,1.01529,0.996235,0.91875),(164,2,'2026-05-25','A',0.725,0.982759,0.997563,0.710764),(165,2,'2026-05-25','B',0.91875,0.996599,0.996208,0.912153),(166,2,'2026-05-25','C',0.8375,1.00207,0.99669,0.836458),(167,2,'2026-05-26','A',0.954167,1.0091,0.994951,0.957986),(168,2,'2026-05-26','B',0.966667,1.00359,0.994273,0.964583),(169,2,'2026-05-26','C',0.90625,1.01533,0.997736,0.918056),(170,2,'2026-05-27','A',0.925,0.993243,0.995465,0.914583),(171,2,'2026-05-27','B',0.795833,0.995637,0.995618,0.788889),(172,2,'2026-05-27','C',0.960417,1.02531,0.996121,0.980903),(173,2,'2026-05-28','A',0.95625,0.99528,0.995987,0.947917),(174,2,'2026-05-28','B',0.941667,1.01659,0.997824,0.955208),(175,2,'2026-05-28','C',0.941667,1.00701,0.997071,0.945486),(176,2,'2026-05-29','A',0.947917,1.01978,0.997486,0.964236),(177,2,'2026-05-29','B',0.98125,1.01946,0.997917,0.998264),(178,2,'2026-05-29','C',0.902083,0.976905,0.997242,0.878819),(179,2,'2026-05-30','A',0.927083,1.02172,0.997434,0.944792),(180,2,'2026-05-30','B',0.945833,1.0301,0.995367,0.969792),(181,2,'2026-05-30','C',0.9,0.99537,0.996124,0.892361),(365,1,'2026-05-31','A',1,1.0094,0.9962,1.0056),(366,2,'2026-05-31','A',1,1.0253,0.997,1.0222),(367,1,'2026-05-31','A',0.9708,1.0147,0.9972,0.9823),(368,2,'2026-05-31','A',0.9875,0.9947,0.9972,0.9795),(369,1,'2026-05-31','A',0.8521,1.0033,0.998,0.8531),(370,2,'2026-05-31','A',0.9646,0.9928,0.9989,0.9566),(371,1,'2026-05-31','B',0.9354,1.0304,0.9975,0.9615),(372,2,'2026-05-31','B',0.95,0.9719,0.9962,0.9198),(373,1,'2026-05-31','C',0.8562,0.9899,0.9984,0.8462),(374,2,'2026-05-31','C',0.9292,1.0149,0.9959,0.9392),(611,1,'2026-06-01','A',0.8958,1.0109,0.9969,0.9028),(612,2,'2026-06-01','A',0.9521,1.0219,0.9954,0.9684),(613,1,'2026-06-01','A',0.7771,0.9893,0.9964,0.766),(614,2,'2026-06-01','A',1,1.0038,0.9976,1.0014),(615,1,'2026-06-01','B',0.8938,0.9794,0.996,0.8719),(616,2,'2026-06-01','B',0.8771,0.9268,0.9979,0.8111),(617,1,'2026-06-01','C',0.9292,0.9854,0.997,0.9128),(618,2,'2026-06-01','C',0.9792,1.0145,0.9979,0.9913),(619,1,'2026-06-02','A',0.8708,0.9781,0.9963,0.8486),(620,2,'2026-06-02','A',0.9417,1.0236,0.9968,0.9608),(621,1,'2026-06-02','B',0.9229,1.006,0.9955,0.9243),(622,2,'2026-06-02','B',0.9062,1.0057,0.9966,0.9083),(623,1,'2026-06-02','C',0.8125,0.991,0.9983,0.8038),(624,2,'2026-06-02','C',0.9917,0.9888,0.9968,0.9774),(625,1,'2026-06-03','A',0.9667,0.9885,0.9964,0.9521),(626,2,'2026-06-03','A',0.8542,0.9947,0.9963,0.8465),(627,1,'2026-06-03','B',0.975,0.9975,0.9979,0.9705),(628,2,'2026-06-03','B',0.8625,1.0181,0.996,0.8747);
/*!40000 ALTER TABLE `oee_shift_log` ENABLE KEYS */;
UNLOCK TABLES;
/*!40103 SET TIME_ZONE=@OLD_TIME_ZONE */;

/*!40101 SET SQL_MODE=@OLD_SQL_MODE */;
/*!40014 SET FOREIGN_KEY_CHECKS=@OLD_FOREIGN_KEY_CHECKS */;
/*!40014 SET UNIQUE_CHECKS=@OLD_UNIQUE_CHECKS */;
/*!40101 SET CHARACTER_SET_CLIENT=@OLD_CHARACTER_SET_CLIENT */;
/*!40101 SET CHARACTER_SET_RESULTS=@OLD_CHARACTER_SET_RESULTS */;
/*!40101 SET COLLATION_CONNECTION=@OLD_COLLATION_CONNECTION */;
/*!40111 SET SQL_NOTES=@OLD_SQL_NOTES */;

-- Dump completed on 2026-05-11 11:25:20
